brickid,brickname,objid,type,ra,dec,ebv,flux_g,flux_r,flux_i,flux_z,psfsize_g,psfsize_r,psfsize_i,psfsize_z,sersic,sersic_ivar,shape_r,shape_r_ivar,shape_e1,shape_e1_ivar,shape_e2,shape_e2_ivar,mag_g,mag_r,mag_i,mag_z,mag_w1,mag_w2,mag_w3,mag_w4,g_r,r_i,r_z,i_z,X,Y
27529,0495m665,7860,PSF,49.41430877113618,-66.52635328406002,0.10371508,0.12250852,1.681823,4.155287,6.325798,1.4389127,1.3185244,1.1850618,1.2737088,0.0,0.0,0.0,0.0,0.0,0.0,0.0,0.0,24.779585,21.935549,20.953497,20.497211,17.937357,17.791023,14.443452,13.099893,2.844036,0.98205185,1.4383373,0.45628548,1751.1226255201832,528.8337446387286
27529,0495m665,12550,PSF,49.48887568657813,-66.55544857696898,0.099495165,2.8201203,3.2355807,4.1577325,5.393614,1.416901,1.2481937,1.1080381,1.1784213,0.0,0.0,0.0,0.0,0.0,0.0,0.0,0.0,21.37433,21.225119,20.952858,20.6703,20.636354,21.505764,19.269123,14.125241,0.14921188,0.27226067,0.5548191,0.28255844,1342.8324808844352,129.46882624946988
27529,0495m665,9271,PSF,49.43887060939149,-66.49877502239055,0.10887531,1.3701457,2.662467,4.1593695,6.096577,1.4241523,1.2987745,1.2047577,1.2465271,0.0,0.0,0.0,0.0,0.0,0.0,0.0,0.0,22.158083,21.436789,20.95243,20.537285,19.816444,20.434042,19.019796,,0.7212944,0.48435783,0.8995037,0.41514587,1617.155992506352,907.9629486819921
27529,0495m665,22863,PSF,49.67146544791493,-66.48849939973915,0.10955817,0.68294775,2.0016727,4.175298,6.474738,1.4072626,1.3404831,1.1748722,1.2439173,0.0,0.0,0.0,0.0,0.0,0.0,0.0,0.0,22.914032,21.746517,20.94828,20.471945,19.048592,19.196152,16.51716,13.626348,1.1675148,0.79823685,1.2745724,0.47633553,342.35568945878106,1048.3463369426222
27529,0495m665,15615,PSF,49.54123664067037,-66.4978559614532,0.10906795,2.0957115,3.154551,4.176428,5.334455,1.4177113,1.313997,1.1964581,1.2401316,0.0,0.0,0.0,0.0,0.0,0.0,0.0,0.0,21.69667,21.252657,20.947987,20.682276,,,19.654799,15.291446,0.4440136,0.30467033,0.57038116,0.26571083,1056.2603346619403,920.8202093568874
27529,0495m665,13018,PSF,49.496186816717,-66.55447632845119,0.10019483,1.3454609,2.89572,4.177071,5.4020557,1.3885994,1.1871195,1.0603311,1.1597103,0.0,0.0,0.0,0.0,0.0,0.0,0.0,0.0,22.177822,21.345608,20.94782,20.668602,,20.333485,,,0.83221436,0.3977871,0.67700577,0.27921867,1302.8681363642634,142.84271335150072
27529,0495m665,13778,PSF,49.50843471532155,-66.5020526799893,0.10902441,3.705092,5.908892,4.178271,4.3379164,1.387216,1.243095,1.1622853,1.2818524,0.0,0.0,0.0,0.0,0.0,0.0,0.0,0.0,21.078003,20.571236,20.947508,20.906797,19.847221,19.584688,16.429533,14.23584,0.5067673,-0.3762722,-0.33556175,0.04071045,1235.9908063926457,863.1820706389121
27529,0495m665,19308,PSF,49.6095781238,-66.47155900390797,0.1105888,0.250457,1.7247596,4.18035,6.6750374,1.4468659,1.3410187,1.1438924,1.2429237,0.0,0.0,0.0,0.0,0.0,0.0,0.0,0.0,24.003166,21.908178,20.946968,20.438866,19.703878,19.389837,19.864912,12.601088,2.0949879,0.96121025,1.4693127,0.5081024,681.241825868759,1281.7934241677222
27529,0495m665,15174,PSF,49.53341483460368,-66.51816386984345,0.10714991,2.7941384,3.8293593,4.182102,4.855495,1.4262811,1.300425,1.1788741,1.2718848,0.0,0.0,0.0,0.0,0.0,0.0,0.0,0.0,21.38438,21.042185,20.946514,20.784416,19.435726,19.857822,,13.230685,0.3421955,0.0956707,0.25776863,0.16209793,1099.199418899663,641.7951820354147
27529,0495m665,7247,PSF,49.40243270437327,-66.51596962305666,0.10539187,0.8461222,2.6155124,4.18519,5.6032314,1.4457598,1.3216454,1.1850618,1.3052434,0.0,0.0,0.0,0.0,0.0,0.0,0.0,0.0,22.681417,21.456108,20.945711,20.628904,20.691076,20.4226,18.870838,13.066373,1.2253094,0.51039696,0.82720375,0.3168068,1816.380976407493,671.3982970723366
27529,0495m665,8661,PSF,49.42855666414256,-66.5024881136361,0.10805432,3.7203667,3.9222643,4.1901584,4.7405725,1.4241523,1.2987745,1.2047577,1.2732652,0.0,0.0,0.0,0.0,0.0,0.0,0.0,0.0,21.073536,21.016157,20.944424,20.810423,21.516512,21.215818,,,0.05737877,0.071733475,0.20573425,0.13400078,1673.5977494834324,856.8693864573687
27529,0495m665,13662,PSF,49.50646350000503,-66.50598229539307,0.10868367,0.36307335,2.0119815,4.1907525,6.4655685,1.387216,1.243095,1.1622853,1.2818524,0.0,0.0,0.0,0.0,0.0,0.0,0.0,0.0,23.600014,21.74094,20.94427,20.473484,19.641216,20.15619,16.876703,,1.8590736,0.7966709,1.267456,0.47078514,1246.782337108898,809.1859541130674
27529,0495m665,22129,PSF,49.65851585329582,-66.49019758072525,0.10935049,-0.34603214,1.2790838,4.200006,6.7264323,1.445672,1.3491709,1.1748722,1.2401316,0.0,0.0,0.0,0.0,0.0,0.0,0.0,0.0,,22.232752,20.941875,20.430538,20.829899,,16.235086,13.315146,,1.2908764,1.8022137,0.5113373,413.3924705754349,1025.1823653413485
27529,0495m665,13521,PSF,49.50398527411156,-66.54468076306799,0.1033159,9.59478,7.822911,4.2046127,3.9816995,1.3817796,1.1800163,1.0603311,1.1597103,0.0,0.0,0.0,0.0,0.0,0.0,0.0,0.0,20.044912,20.266579,20.940685,20.999828,19.566675,19.500286,17.202427,,-0.22166634,-0.6741066,-0.73324966,-0.059143066,1260.2587878350948,277.448926269083
27529,0495m665,21226,PSF,49.64344303798303,-66.46379898516695,0.11118782,1.2629062,2.4902322,4.2048087,5.464733,1.4698629,1.3725216,1.1783406,1.2437015,0.0,0.0,0.0,0.0,0.0,0.0,0.0,0.0,22.246572,21.509401,20.940634,20.656078,19.596722,20.030567,19.297495,,0.7371712,0.56876755,0.853323,0.28455544,495.26623946633117,1388.0896726893136
27529,0495m665,17579,PSF,49.57720130524785,-66.51055669876635,0.10780286,0.8443402,2.578233,4.211375,5.834904,1.4095949,1.274322,1.1964581,1.2709345,0.0,0.0,0.0,0.0,0.0,0.0,0.0,0.0,22.683706,21.471695,20.93894,20.584915,19.637764,22.291576,,,1.2120113,0.5327549,0.8867798,0.3540249,859.3653860945594,746.1686090670864
27529,0495m665,22803,PSF,49.67037230046012,-66.49324758018794,0.10913183,8.092393,10.509621,4.2170105,6.333805,1.4314209,1.3313818,1.1748722,1.2439173,0.0,0.0,0.0,0.0,0.0,0.0,0.0,0.0,20.229807,19.946032,20.937489,20.495838,18.86286,18.591036,15.348992,14.277395,0.28377533,-0.991457,-0.5498066,0.4416504,348.5094594174901,983.119222625327
27529,0495m665,15455,PSF,49.53837676292429,-66.48444839281275,0.11006014,3.7435048,4.2158456,4.217148,4.679928,1.4253722,1.3198797,1.1438924,1.2429237,0.0,0.0,0.0,0.0,0.0,0.0,0.0,0.0,21.066805,20.937788,20.937452,20.824402,,,,,0.12901688,0.00033569336,0.11338615,0.11305046,1071.8636463363969,1105.0524216107958
27529,0495m665,7769,PSF,49.41279589744602,-66.5292738047019,0.10310885,7.5701036,7.760574,4.2181563,5.533776,1.4240355,1.3161556,1.1850618,1.2737088,0.0,0.0,0.0,0.0,0.0,0.0,0.0,0.0,20.302246,20.275265,20.937193,20.642447,19.289143,19.12867,16.657988,,0.026981354,-0.6619282,-0.36718178,0.2947464,1759.3368746750996,488.6909669094678
27529,0495m665,14206,PSF,49.51603834706712,-66.51161836156699,0.10792635,0.40792257,2.6988993,4.2205606,5.333441,1.3798053,1.2214954,1.1622853,1.2818524,0.0,0.0,0.0,0.0,0.0,0.0,0.0,0.0,23.473557,21.422033,20.936575,20.682482,19.47072,21.46309,18.638592,,2.0515232,0.48545837,0.73955154,0.25409317,1194.3349948944826,731.7474358360678
27529,0495m665,25779,PSF,49.72798921309281,-66.48625903711732,0.10948849,1.2285523,3.093598,4.241834,4.999272,1.4072626,1.3404831,1.1433977,1.2501966,0.0,0.0,0.0,0.0,0.0,0.0,0.0,0.0,22.276516,21.27384,20.931116,20.752733,22.019907,21.348267,,,1.002676,0.34272385,0.5211067,0.17838287,32.41548087522756,1078.2165481319885
27529,0495m665,17752,PSF,49.58083326980307,-66.50464805841162,0.10827272,2.476621,3.5396369,4.249965,4.935321,1.41232,1.2842402,1.1964581,1.2709345,0.0,0.0,0.0,0.0,0.0,0.0,0.0,0.0,21.51535,21.127604,20.929037,20.766712,19.900635,20.185024,18.850023,,0.3877468,0.19856644,0.36089134,0.1623249,839.389483882394,827.3357932721375
27529,0495m665,19832,PSF,49.61937227020162,-66.49678152024758,0.108774,2.4464424,3.05992,4.2543344,5.3879323,1.4177113,1.313997,1.1964581,1.2401316,0.0,0.0,0.0,0.0,0.0,0.0,0.0,0.0,21.528662,21.285725,20.927921,20.671444,19.669918,20.442425,,,0.24293709,0.35780334,0.6142807,0.25647736,628.0944088840122,935.1398110311762
27529,0495m665,7926,PSF,49.41558848176794,-66.53482327443614,0.10210182,1.1629952,3.0194104,4.2587433,6.0269585,1.4449216,1.3190391,1.1850618,1.2737088,0.0,0.0,0.0,0.0,0.0,0.0,0.0,0.0,22.336056,21.300194,20.926796,20.549755,19.265385,19.24457,17.859074,,1.035862,0.37339783,0.7504387,0.37704086,1743.932303089696,412.4635669985726
27529,0495m665,17432,PSF,49.57432125001245,-66.47072394723148,0.11080201,4.180064,4.609987,4.2715077,4.585457,1.4468659,1.3410187,1.1438924,1.2429237,0.0,0.0,0.0,0.0,0.0,0.0,0.0,0.0,20.947042,20.840752,20.923548,20.846544,,,17.317202,13.601025,0.10629082,-0.0827961,-0.005792618,0.07700348,874.6237011923965,1293.503901827802
27529,0495m665,24333,PSF,49.69778764493716,-66.4321579425204,0.11396297,0.33479467,1.3040347,4.271926,7.388207,1.411639,1.370692,1.1457978,1.2495431,0.0,0.0,0.0,0.0,0.0,0.0,0.0,0.0,23.688053,22.211777,20.92344,20.328651,20.299109,20.519201,,,1.4762764,1.2883358,1.8831253,0.5947895,195.81222679413577,1822.1111218141998
27529,0495m665,18881,PSF,49.60210793455576,-66.54627841253652,0.10206039,0.030295797,1.9627596,4.27579,5.5670004,1.4088466,1.2393738,1.1373346,1.1720815,0.0,0.0,0.0,0.0,0.0,0.0,0.0,0.0,26.296543,21.767832,20.922459,20.635946,18.680338,19.12576,16.99668,13.315974,4.5287113,0.84537315,1.1318855,0.28651237,723.6399455209357,255.17436027164422
27529,0495m665,17244,PSF,49.57060288485474,-66.4811667032085,0.11012895,3.8406103,3.995461,4.276538,4.674488,1.4253722,1.3198797,1.1438924,1.2429237,0.0,0.0,0.0,0.0,0.0,0.0,0.0,0.0,21.039,20.996082,20.92227,20.825665,18.221489,18.443367,15.780736,12.509898,0.04291725,0.073812485,0.17041779,0.0966053,895.1469636995653,1150.0342439463257
27529,0495m665,16413,PSF,49.55553717681578,-66.47247365044035,0.11079741,1.9628466,3.4588113,4.2771072,5.2200637,1.4468659,1.3410187,1.1438924,1.2429237,0.0,0.0,0.0,0.0,0.0,0.0,0.0,0.0,21.767784,21.152683,20.922125,20.70581,19.578184,19.702547,17.264425,15.153183,0.61510086,0.2305584,0.4468727,0.21631432,977.6778490555218,1269.5435850897757
27529,0495m665,18015,PSF,49.58592109202414,-66.45007537235094,0.11205679,0.6906944,2.125358,4.2806277,6.0985117,1.5509859,1.5028523,1.2238069,1.2643085,0.0,0.0,0.0,0.0,0.0,0.0,0.0,0.0,22.901785,21.68142,20.921232,20.53694,21.077112,22.931248,,14.242584,1.2203655,0.76018715,1.1444798,0.3842926,810.6740204427452,1577.1590326837556
27529,0495m665,19455,PSF,49.61211792774584,-66.47238939655048,0.11054122,4.829297,5.506022,4.286103,3.7145808,1.4468659,1.3410187,1.1438924,1.2429237,0.0,0.0,0.0,0.0,0.0,0.0,0.0,0.0,20.79029,20.647905,20.919844,21.075226,,,,12.904901,0.14238548,-0.27193832,-0.42732048,-0.15538216,667.3280116094984,1270.3622132013697
27529,0495m665,14246,PSF,49.51676503218179,-66.53887126902936,0.10425406,0.5823554,2.2698467,4.289773,6.3784432,1.4086589,1.2567562,1.1492771,1.2806392,0.0,0.0,0.0,0.0,0.0,0.0,0.0,0.0,23.08703,21.610008,20.918915,20.488213,19.05044,19.816427,16.906496,12.948431,1.4770222,0.69109344,1.1217957,0.4307022,1190.3625949019533,357.27987438505863
27529,0495m665,18529,PSF,49.59606113879423,-66.47311553277005,0.11052202,4.629078,4.6180234,4.293276,4.5784464,1.4468659,1.3410187,1.1438924,1.2429237,0.0,0.0,0.0,0.0,0.0,0.0,0.0,0.0,20.836264,20.83886,20.918028,20.848206,20.972769,,18.792532,,-0.0025959015,-0.07916832,-0.009346008,0.06982231,755.413378584942,1260.5095499312902
27529,0495m665,24049,PSF,49.69268383253948,-66.51032974463875,0.10681139,4.5008087,4.568224,4.2949147,4.3924217,1.3686988,1.2753905,1.1517173,1.2757738,0.0,0.0,0.0,0.0,0.0,0.0,0.0,0.0,20.866774,20.850632,20.917614,20.89324,22.074543,,16.9394,12.772637,0.016141891,-0.06698227,-0.04260826,0.024374008,226.8972640783635,748.0784072424223
27529,0495m665,19722,PSF,49.61735726040646,-66.46890579932867,0.11075548,3.2343688,4.0880814,4.2956,5.0270457,1.4468659,1.3410187,1.1438924,1.2429237,0.0,0.0,0.0,0.0,0.0,0.0,0.0,0.0,21.225527,20.9712,20.91744,20.746717,20.741789,20.81503,,,0.25432587,0.05376053,0.22448349,0.17072296,638.5119489050605,1318.1827846627582
27529,0495m665,7369,PSF,49.40498476334051,-66.50877816460934,0.10662548,1.6975242,2.9823859,4.29624,5.719755,1.3948946,1.2694558,1.2047577,1.2732652,0.0,0.0,0.0,0.0,0.0,0.0,0.0,0.0,21.92546,21.313591,20.917278,20.606556,21.061644,21.795023,,14.229016,0.6118698,0.3963127,0.70703506,0.31072235,1802.5821142682453,770.2371275442277
27529,0495m665,12765,PSF,49.49224908616817,-66.51540168759608,0.10708672,2.253673,3.3414466,4.305495,5.6856203,1.4029106,1.2562152,1.1492771,1.3311627,0.0,0.0,0.0,0.0,0.0,0.0,0.0,0.0,21.617773,21.190165,20.914942,20.613056,21.119894,22.224129,18.491629,13.484336,0.4276085,0.27522278,0.5771084,0.3018856,1324.5960521984653,679.7390044910051
27529,0495m665,18886,PSF,49.60215976371973,-66.50209692073723,0.10837615,3.2536232,4.1127744,4.3126063,4.6819634,1.41232,1.2842402,1.1964581,1.2709345,0.0,0.0,0.0,0.0,0.0,0.0,0.0,0.0,21.219082,20.964663,20.91315,20.82393,19.298103,19.909626,17.518835,,0.25441933,0.051511765,0.14073181,0.08922005,722.5149981472671,862.2475610482113
27529,0495m665,22235,PSF,49.66018395309011,-66.47747719175007,0.11037955,3.025077,3.5664575,4.314605,5.7257414,1.4253722,1.3198797,1.1438924,1.2429237,0.0,0.0,0.0,0.0,0.0,0.0,0.0,0.0,21.298159,21.119408,20.912647,20.605421,21.28699,,,,0.17875099,0.2067604,0.5139866,0.30722618,403.8447745491177,1199.9449303229842
27529,0495m665,14572,PSF,49.52270062777774,-66.46894405815605,0.11120342,0.4893145,2.0251908,4.3159,6.4880123,1.4468659,1.3410187,1.1438924,1.2429237,0.0,0.0,0.0,0.0,0.0,0.0,0.0,0.0,23.27603,21.733835,20.912321,20.46972,19.658138,19.886333,19.269947,,1.5421944,0.8215141,1.2641144,0.44260025,1157.7823617220029,1318.1097256176072
27529,0495m665,21894,PSF,49.65439157969411,-66.4920108410056,0.1091831,9.277587,8.936802,4.3160315,4.433783,1.445672,1.3491709,1.1748722,1.2401316,0.0,0.0,0.0,0.0,0.0,0.0,0.0,0.0,20.081413,20.122046,20.912289,20.883064,17.581654,17.81616,15.214811,12.432465,-0.040632248,-0.79024315,-0.76101875,0.029224396,436.0535653002563,1000.3183638605562
27529,0495m665,14532,PSF,49.52187340245001,-66.50567871668459,0.10863522,-0.336758,1.1014091,4.3196874,7.520924,1.41232,1.243095,1.1964581,1.2818524,0.0,0.0,0.0,0.0,0.0,0.0,0.0,0.0,,22.395128,20.91137,20.309322,17.489864,17.889507,14.79693,12.496031,,1.4837589,2.085806,0.60204697,1162.3714137746458,813.359139211755
27529,0495m665,18949,PSF,49.6034296801397,-66.47071572171146,0.1106362,4.779435,5.4620996,4.3309774,5.1601505,1.4468659,1.3410187,1.1438924,1.2429237,0.0,0.0,0.0,0.0,0.0,0.0,0.0,0.0,20.80156,20.6566,20.908535,20.718344,18.13394,18.553173,15.883528,,0.1449585,-0.25193405,-0.061742783,0.19019127,714.9512557713865,1293.429585119951
27529,0495m665,13705,PSF,49.50718856436761,-66.55586915237784,0.10001211,0.56099224,2.579913,4.337417,6.0906005,1.3885994,1.1871195,1.0603311,1.1597103,0.0,0.0,0.0,0.0,0.0,0.0,0.0,0.0,23.127607,21.470987,20.906921,20.53835,20.355968,20.753454,17.303022,12.381982,1.65662,0.56406593,0.93263817,0.36857224,1242.718865442439,123.71801369487093
27529,0495m665,12790,PSF,49.49264402642165,-66.55296534885447,0.1004917,9.991358,8.612095,4.342499,5.3092866,1.3885994,1.1871195,1.0603311,1.1784213,0.0,0.0,0.0,0.0,0.0,0.0,0.0,0.0,20.000938,20.162228,20.905651,20.68741,19.520632,19.54416,17.888166,13.993111,-0.16128922,-0.74342346,-0.5251827,0.21824074,1322.2442336691656,163.59772544553027
27529,0495m665,7436,PSF,49.40597578054195,-66.51094991110031,0.1062805,1.4985739,2.917636,4.348325,5.369888,1.3948946,1.2694558,1.2047577,1.2732652,0.0,0.0,0.0,0.0,0.0,0.0,0.0,0.0,22.060804,21.337421,20.904196,20.675087,20.85521,20.184725,18.396105,,0.72338295,0.43322563,0.66233444,0.22910881,1797.1019163733818,740.4059361563175
27529,0495m665,9781,PSF,49.44676272259296,-66.52649524234624,0.10454601,4.5250216,4.4056134,4.349683,4.6978188,1.4389127,1.3024509,1.1850618,1.276666,0.0,0.0,0.0,0.0,0.0,0.0,0.0,0.0,20.860949,20.889984,20.903856,20.82026,,,,13.29575,-0.029035568,-0.013872147,0.06972504,0.08359718,1573.4936451691417,527.1249378856222
27529,0495m665,15925,PSF,49.54673271960632,-66.48746538825196,0.10979445,3.79341,4.348786,4.3558908,4.4107676,1.445672,1.3491709,1.1748722,1.2401316,0.0,0.0,0.0,0.0,0.0,0.0,0.0,0.0,21.052425,20.90408,20.902308,20.888714,19.354279,20.019169,17.810947,,0.14834595,0.0017719269,0.015365601,0.013593674,1026.0735126951608,1063.5777297754773
27529,0495m665,15065,PSF,49.53151309416338,-66.49369929741577,0.10944362,6.730004,5.50222,4.3669643,3.832843,1.445672,1.3491709,1.1748722,1.2401316,0.0,0.0,0.0,0.0,0.0,0.0,0.0,0.0,20.429962,20.648655,20.899551,21.041197,21.01106,21.502626,18.328278,,-0.21869278,-0.25089645,-0.3925419,-0.14164543,1109.5255914234112,977.9524297171123
27529,0495m665,22028,PSF,49.65677851562011,-66.48377177248258,0.10987222,1.128282,2.1867158,4.3752117,6.0807514,1.4253722,1.3198797,1.1438924,1.2429237,0.0,0.0,0.0,0.0,0.0,0.0,0.0,0.0,22.368956,21.650518,20.897503,20.540108,,20.916502,,12.318913,0.7184372,0.7530155,1.1104107,0.35739517,422.715487983249,1113.4973912595933
27529,0495m665,15123,PSF,49.53252431112866,-66.50811597257609,0.1083588,1.0722723,2.786784,4.3778286,6.0610538,1.4095949,1.274322,1.1964581,1.2709345,0.0,0.0,0.0,0.0,0.0,0.0,0.0,0.0,22.424238,21.387241,20.896852,20.54363,19.111563,19.219435,15.969159,,1.0369968,0.49038887,0.84361076,0.3532219,1104.0375380666933,779.8592546229486
27529,0495m665,9410,PSF,49.44111250978428,-66.52045087462488,0.10534447,5.7136097,5.0951314,4.3932023,4.103869,1.4389127,1.3185244,1.1850618,1.276666,0.0,0.0,0.0,0.0,0.0,0.0,0.0,0.0,20.607723,20.732111,20.893047,20.967016,,,,13.497368,-0.12438774,-0.16093636,-0.23490524,-0.07396889,1604.5171544238424,610.1418283655088
27529,0495m665,16834,PSF,49.56364955771706,-66.48839243286312,0.10963336,-0.7501636,1.9295204,4.41189,5.702972,1.445672,1.3491709,1.1748722,1.2401316,0.0,0.0,0.0,0.0,0.0,0.0,0.0,0.0,,21.786377,20.88844,20.609747,15.276409,15.638464,14.295774,,,0.8979378,1.17663,0.27869225,933.3494265883292,1050.7808907386118
27529,0495m665,12821,PSF,49.49305293338116,-66.49987874285513,0.10932709,1.2713025,2.5559282,4.413271,5.9717917,1.387216,1.243095,1.1622853,1.2818524,0.0,0.0,0.0,0.0,0.0,0.0,0.0,0.0,22.239378,21.481129,20.888098,20.559738,19.97884,20.168432,,,0.7582493,0.5930309,0.92139053,0.3283596,1320.2713235532588,893.0329822009046
27529,0495m665,22684,PSF,49.66827298563921,-66.48942500850089,0.10945997,5.9429154,5.6912894,4.420168,3.6800284,1.445672,1.3491709,1.1748722,1.2439173,0.0,0.0,0.0,0.0,0.0,0.0,0.0,0.0,20.565,20.611973,20.886402,21.085373,20.347984,19.815815,16.62728,14.978362,-0.046972275,-0.27442932,-0.47340012,-0.1989708,359.8863033025764,1035.6712972109442
27529,0495m665,7437,PSF,49.4059808955868,-66.51181751328265,0.10613604,0.99053097,2.8988757,4.421911,5.601362,1.3948946,1.2694558,1.2047577,1.2732652,0.0,0.0,0.0,0.0,0.0,0.0,0.0,0.0,22.51033,21.344425,20.885975,20.629267,20.62165,,,14.048594,1.165905,0.45845032,0.71515846,0.25670815,1797.0529955275715,728.4847483726345
27529,0495m665,8242,PSF,49.42160857648019,-66.52400450425523,0.1042796,1.42873,2.59453,4.4234376,5.9848456,1.4389127,1.3185244,1.1850618,1.2737088,0.0,0.0,0.0,0.0,0.0,0.0,0.0,0.0,22.112625,21.464853,20.885601,20.557367,20.225521,,17.495464,,0.64777184,0.57925224,0.90748596,0.32823372,1711.2178976023383,561.169455366402
27529,0495m665,8602,PSF,49.4275256232738,-66.52403484888555,0.10443592,1.82884,2.8219807,4.4238253,6.5664864,1.4389127,1.3185244,1.1850618,1.2737088,0.0,0.0,0.0,0.0,0.0,0.0,0.0,0.0,21.84456,21.373615,20.885506,20.456667,20.658594,,,12.881178,0.47094536,0.4881096,0.9169483,0.42883873,1678.829100124497,560.7996834089804
27529,0495m665,11387,PSF,49.47107881959329,-66.53399257759489,0.1040228,1.6046968,3.091658,4.4248095,5.7288437,1.4332058,1.3029188,1.1850618,1.276666,0.0,0.0,0.0,0.0,0.0,0.0,0.0,0.0,21.986517,21.27452,20.885263,20.604832,21.16008,,17.24703,,0.7119961,0.38925743,0.6696892,0.28043175,1440.3342632548338,424.2287758471463
27529,0495m665,21249,PSF,49.64377933036178,-66.47334230765848,0.11057642,0.31990913,2.1583648,4.426486,6.351752,1.4468659,1.3410187,1.1438924,1.2429237,0.0,0.0,0.0,0.0,0.0,0.0,0.0,0.0,23.737432,21.664688,20.884851,20.492765,20.954748,19.337442,17.036081,13.351467,2.0727444,0.77983665,1.1719227,0.39208603,493.6901397686788,1256.956452474616
27529,0495m665,10848,PSF,49.46287546724685,-66.52300813968488,0.10543428,0.49378908,2.3052964,4.4277344,5.806378,1.427721,1.3024509,1.1850618,1.276666,0.0,0.0,0.0,0.0,0.0,0.0,0.0,0.0,23.266146,21.593184,20.884546,20.590237,,19.4093,,,1.6729622,0.70863724,1.0029469,0.29430962,1485.3463166036581,575.1250680965543
27529,0495m665,7935,PSF,49.415699595211,-66.5248889631598,0.10399719,6.930983,5.4516206,4.4283004,3.5303018,1.4389127,1.3185244,1.1850618,1.2737088,0.0,0.0,0.0,0.0,0.0,0.0,0.0,0.0,20.398012,20.658686,20.884407,21.13047,,,,,-0.26067352,-0.22572136,-0.4717846,-0.24606323,1743.542532712862,548.9664211378353
27529,0495m665,18618,PSF,49.59772388067835,-66.47398563382644,0.11045705,0.2449707,1.9880865,4.429356,6.3951397,1.4468659,1.3410187,1.1438924,1.2429237,0.0,0.0,0.0,0.0,0.0,0.0,0.0,0.0,24.027214,21.753912,20.884148,20.485374,,,,13.227048,2.273302,0.8697643,1.2685375,0.3987732,746.3091215785272,1248.5420981906018
27529,0495m665,12438,PSF,49.48713763653861,-66.51011488486326,0.10782107,0.77595615,2.4147255,4.429406,5.887469,1.4113443,1.276542,1.1829005,1.2767808,0.0,0.0,0.0,0.0,0.0,0.0,0.0,0.0,22.775408,21.542831,20.884136,20.575178,22.831415,22.301073,,13.031818,1.2325764,0.6586952,0.9676533,0.30895805,1352.6173852931117,752.370505691873
27529,0495m665,16283,PSF,49.55294047136644,-66.47751310099154,0.11046758,3.2034132,3.9665537,4.4298306,5.245244,1.4253722,1.3198797,1.1438924,1.2429237,0.0,0.0,0.0,0.0,0.0,0.0,0.0,0.0,21.235968,21.003967,20.884031,20.700586,20.126328,,18.315163,14.965414,0.23200035,0.11993599,0.30338097,0.18344498,991.9623367184,1200.3080393600414
27529,0495m665,19074,PSF,49.60550226729958,-66.47090615296317,0.11062529,0.19293055,2.186665,4.4329505,6.518788,1.4468659,1.3410187,1.1438924,1.2429237,0.0,0.0,0.0,0.0,0.0,0.0,0.0,0.0,24.286497,21.650545,20.883268,20.464582,,,,13.161155,2.635952,0.76727676,1.1859627,0.4186859,703.5859873231625,1290.796798650978
27529,0495m665,18951,PSF,49.6034841488113,-66.46899865999,0.1107377,2.035635,3.2633965,4.4365335,5.9419746,1.4468659,1.3410187,1.1438924,1.2429237,0.0,0.0,0.0,0.0,0.0,0.0,0.0,0.0,21.72825,21.215826,20.882391,20.565172,18.209913,18.525097,15.984614,,0.51242447,0.33343506,0.65065384,0.31721878,714.6192674202359,1317.0223671587764
27529,0495m665,16596,PSF,49.55900476511306,-66.51682695849165,0.10742595,1.8665653,3.4587307,4.4366965,5.1491075,1.4262811,1.300425,1.1788741,1.2718848,0.0,0.0,0.0,0.0,0.0,0.0,0.0,0.0,21.822392,21.152708,20.88235,20.72067,20.14458,21.612247,,,0.66968346,0.27035713,0.43203735,0.16168022,959.0817824540482,660.0962041153168
27529,0495m665,19077,PSF,49.60557193372752,-66.54414761763088,0.10257092,0.6872625,2.4909244,4.443915,5.8724613,1.4088466,1.2393738,1.1373346,1.1720815,0.0,0.0,0.0,0.0,0.0,0.0,0.0,0.0,22.907194,21.509098,20.880585,20.57795,21.87949,,20.329271,15.398785,1.3980961,0.62851334,0.9311485,0.3026352,704.6537965876965,284.4256731945936
27529,0495m665,17852,PSF,49.58273881867416,-66.49880088524253,0.10873734,1.8553658,3.4524708,4.4549317,4.924182,1.41232,1.313997,1.1964581,1.2420211,0.0,0.0,0.0,0.0,0.0,0.0,0.0,0.0,21.828926,21.154675,20.877897,20.769165,20.899391,,17.611477,,0.67425156,0.27677727,0.3855095,0.10873222,828.8645491384856,907.667527260119
27529,0495m665,14870,PSF,49.52796992520259,-66.521371936867,0.10666399,3.8505468,4.498016,4.4569635,4.7299113,1.4262811,1.300425,1.1788741,1.2718848,0.0,0.0,0.0,0.0,0.0,0.0,0.0,0.0,21.036194,20.867447,20.877401,20.812868,20.305073,22.029463,,14.033104,0.16874695,-0.0099544525,0.05457878,0.06453323,1129.0190565690764,597.7220907928602
27529,0495m665,21591,PSF,49.64945934876744,-66.4846259697501,0.10977408,5.349892,5.12039,4.4751234,4.590748,1.4253722,1.3198797,1.1654702,1.2429237,0.0,0.0,0.0,0.0,0.0,0.0,0.0,0.0,20.679138,20.726742,20.872988,20.845291,,,18.264627,,-0.047603607,-0.14624596,-0.11854935,0.02769661,462.8683824153451,1101.8486927855313
27529,0495m665,9643,PSF,49.44480067992478,-66.52267897538898,0.10508329,0.8062612,2.6190429,4.4830894,5.6860085,1.4389127,1.3185244,1.1850618,1.276666,0.0,0.0,0.0,0.0,0.0,0.0,0.0,0.0,22.73381,21.454643,20.871056,20.612982,20.725513,,,,1.2791672,0.58358765,0.84166145,0.2580738,1584.2916146050402,579.5501806680707
27529,0495m665,16379,PSF,49.55481571175822,-66.49041950633345,0.10953195,2.107558,3.011554,4.490375,5.85122,1.445672,1.3491709,1.1748722,1.2401316,0.0,0.0,0.0,0.0,0.0,0.0,0.0,0.0,21.690552,21.303024,20.869293,20.581884,18.885918,19.283924,17.499767,13.644728,0.38752747,0.43373108,0.7211399,0.28740883,981.7900691387827,1022.9618247951814
27529,0495m665,13390,PSF,49.50198588496725,-66.55360534690215,0.1007586,0.28013247,2.6741412,4.49175,5.8591347,1.3885994,1.1871195,1.0603311,1.1597103,0.0,0.0,0.0,0.0,0.0,0.0,0.0,0.0,23.881592,21.43204,20.868961,20.580416,22.52222,20.805653,,12.57163,2.4495525,0.5630779,0.85162354,0.2885456,1271.1671489069129,154.8187697105443
27529,0495m665,19470,PSF,49.61240513338907,-66.48045034355951,0.11003171,2.9422443,4.1779675,4.4994836,4.6946135,1.4253722,1.3198797,1.1438924,1.2429237,0.0,0.0,0.0,0.0,0.0,0.0,0.0,0.0,21.328302,20.947588,20.867094,20.821001,21.605988,22.267252,,12.423354,0.38071442,0.08049393,0.12658691,0.046092987,665.9243666396789,1159.5987594951969
27529,0495m665,18360,PSF,49.59264878321838,-66.5311900856323,0.10522449,0.3836166,2.386493,4.5019045,6.241158,1.4262811,1.2973998,1.1788741,1.2718848,0.0,0.0,0.0,0.0,0.0,0.0,0.0,0.0,23.540257,21.5556,20.866508,20.511837,19.263903,,,14.389496,1.9846573,0.6890907,1.0437622,0.35467148,775.1144657640234,462.5626193015515
27529,0495m665,18766,PSF,49.60027071991131,-66.47627722950538,0.1103147,1.8781953,4.093505,4.504215,4.2248354,1.4468659,1.3198797,1.1438924,1.2429237,0.0,0.0,0.0,0.0,0.0,0.0,0.0,0.0,21.815649,20.96976,20.865952,20.935476,,,,,0.84588814,0.10380936,0.03428459,-0.069524765,732.3831340430241,1217.0358891993233
27529,0495m665,13497,PSF,49.50364545629853,-66.5100932456425,0.10802767,3.8695605,4.232964,4.5132623,4.369277,1.3798053,1.2214954,1.1622853,1.2818524,0.0,0.0,0.0,0.0,0.0,0.0,0.0,0.0,21.030846,20.933388,20.863773,20.898975,21.237852,22.121155,,12.54423,0.097457886,0.06961441,0.034412384,-0.035202026,1262.2079079789114,752.697019943487
27529,0495m665,17183,PSF,49.56976658233094,-66.50954488739677,0.10794464,1.6701692,2.7141755,4.514657,7.1135974,1.4095949,1.274322,1.1964581,1.2709345,0.0,0.0,0.0,0.0,0.0,0.0,0.0,0.0,21.943098,21.415905,20.863438,20.369778,18.082449,18.581963,17.64187,16.228498,0.52719307,0.55246735,1.0461273,0.49365997,900.0708592922065,760.1091123756079
